hash,file_path,split,physical_class,canonical_class,duplicate_group_size,cross_split_duplicate,cross_class_duplicate
02799f7863d49de182357e72179f3cc4e65e70099355f2d5aa2e39d356e492d9,dataset/test/pituitary/Te-pi_0045.jpg,test,pituitary,pituitary,2,True,False
02799f7863d49de182357e72179f3cc4e65e70099355f2d5aa2e39d356e492d9,dataset/train/pituitary/Tr-pi_0668.jpg,train,pituitary,pituitary,2,True,False
039d0eb6b8493db695929536aa7476f8c472381a7c20de981bfe7e0bdd875a82,dataset/test/notumor/Te-noTr_0002.jpg,test,notumor,no_tumor,2,True,False
039d0eb6b8493db695929536aa7476f8c472381a7c20de981bfe7e0bdd875a82,dataset/train/notumor/Tr-no_0253.jpg,train,notumor,no_tumor,2,True,False
053a6036a57e58922ce011f713ddb44f78af390306aa055803e24338eb977075,dataset/test/notumor/Te-no_0025.jpg,test,notumor,no_tumor,2,True,False
053a6036a57e58922ce011f713ddb44f78af390306aa055803e24338eb977075,dataset/train/notumor/Tr-no_0329.jpg,train,notumor,no_tumor,2,True,False
05ec18666c6b751b8845a93824ea25c9bb251606b71f76c0c3875d69e973f72d,dataset/train/notumor/Tr-no_0192.jpg,train,notumor,no_tumor,2,False,False
05ec18666c6b751b8845a93824ea25c9bb251606b71f76c0c3875d69e973f72d,dataset/train/notumor/Tr-no_0980.jpg,train,notumor,no_tumor,2,False,False
06e6f334b7e990bd685265cea5af2b11410235f4a3baad476c964249310330f3,dataset/test/notumor/Te-no_0033.jpg,test,notumor,no_tumor,2,True,False
06e6f334b7e990bd685265cea5af2b11410235f4a3baad476c964249310330f3,dataset/train/notumor/Tr-no_0070.jpg,train,notumor,no_tumor,2,True,False
08690b76457b2b44d58682cece62ec951ef6d30d935ce07df852e97d44434680,dataset/test/pituitary/Te-pi_0066.jpg,test,pituitary,pituitary,2,True,False
08690b76457b2b44d58682cece62ec951ef6d30d935ce07df852e97d44434680,dataset/train/pituitary/Tr-pi_0740.jpg,train,pituitary,pituitary,2,True,False
08c04f3659f54e170fe84f98a8ed10a235809251d6ba7c5372f08c90421ce51e,dataset/test/notumor/Te-no_0034.jpg,test,notumor,no_tumor,2,True,False
08c04f3659f54e170fe84f98a8ed10a235809251d6ba7c5372f08c90421ce51e,dataset/train/notumor/Tr-no_0080.jpg,train,notumor,no_tumor,2,True,False
09b9031e30e757eb6e648686f0ca412357e86895ebbc52d300d2d0a9305fd417,dataset/train/meningioma/Tr-me_0227.jpg,train,meningioma,meningioma,2,False,False
09b9031e30e757eb6e648686f0ca412357e86895ebbc52d300d2d0a9305fd417,dataset/train/meningioma/Tr-me_0238.jpg,train,meningioma,meningioma,2,False,False
0d68dc0d87d099ad046fac3ec1359db1561e1c5d45a43e7c91e02a9f2f393df8,dataset/test/notumor/Te-no_0010.jpg,test,notumor,no_tumor,2,True,False
0d68dc0d87d099ad046fac3ec1359db1561e1c5d45a43e7c91e02a9f2f393df8,dataset/train/notumor/Tr-no_1039.jpg,train,notumor,no_tumor,2,True,False
0ff6650a53df2b89b4e569a7490843229227db14f5fc46fe99afdc789d058796,dataset/test/notumor/Te-no_0027.jpg,test,notumor,no_tumor,2,True,False
0ff6650a53df2b89b4e569a7490843229227db14f5fc46fe99afdc789d058796,dataset/train/notumor/Tr-no_1162.jpg,train,notumor,no_tumor,2,True,False
1180fefcd5ba2a8f43c541c3158c3d6b3edb8309eab8dc9c61f109d10d5b5050,dataset/train/notumor/Tr-no_0036.jpg,train,notumor,no_tumor,2,False,False
1180fefcd5ba2a8f43c541c3158c3d6b3edb8309eab8dc9c61f109d10d5b5050,dataset/train/notumor/Tr-no_1080.jpg,train,notumor,no_tumor,2,False,False
136e27954eca1b7b887f3700f412b2c531153938a0d721d1557a94c3362497c2,dataset/test/notumor/Te-no_0011.jpg,test,notumor,no_tumor,10,True,False
136e27954eca1b7b887f3700f412b2c531153938a0d721d1557a94c3362497c2,dataset/test/notumor/Te-no_0048.jpg,test,notumor,no_tumor,10,True,False
136e27954eca1b7b887f3700f412b2c531153938a0d721d1557a94c3362497c2,dataset/test/notumor/Te-no_0053.jpg,test,notumor,no_tumor,10,True,False
136e27954eca1b7b887f3700f412b2c531153938a0d721d1557a94c3362497c2,dataset/test/notumor/Te-no_0068.jpg,test,notumor,no_tumor,10,True,False
136e27954eca1b7b887f3700f412b2c531153938a0d721d1557a94c3362497c2,dataset/test/notumor/Te-no_0087.jpg,test,notumor,no_tumor,10,True,False
136e27954eca1b7b887f3700f412b2c531153938a0d721d1557a94c3362497c2,dataset/train/notumor/Tr-no_0224.jpg,train,notumor,no_tumor,10,True,False
136e27954eca1b7b887f3700f412b2c531153938a0d721d1557a94c3362497c2,dataset/train/notumor/Tr-no_0268.jpg,train,notumor,no_tumor,10,True,False
136e27954eca1b7b887f3700f412b2c531153938a0d721d1557a94c3362497c2,dataset/train/notumor/Tr-no_0332.jpg,train,notumor,no_tumor,10,True,False
136e27954eca1b7b887f3700f412b2c531153938a0d721d1557a94c3362497c2,dataset/train/notumor/Tr-no_0350.jpg,train,notumor,no_tumor,10,True,False
136e27954eca1b7b887f3700f412b2c531153938a0d721d1557a94c3362497c2,dataset/train/notumor/Tr-no_0982.jpg,train,notumor,no_tumor,10,True,False
14963471b7c2744df51c1da54f4e519cecc34aa12944f1968620da1d36d2c5c2,dataset/train/notumor/Tr-no_0216.jpg,train,notumor,no_tumor,2,False,False
14963471b7c2744df51c1da54f4e519cecc34aa12944f1968620da1d36d2c5c2,dataset/train/notumor/Tr-no_1060.jpg,train,notumor,no_tumor,2,False,False
16bdc3ca286cca1bb4761deeca41c63f5626ac65aff85231686caf5c3897c210,dataset/test/notumor/Te-no_0066.jpg,test,notumor,no_tumor,3,True,False
16bdc3ca286cca1bb4761deeca41c63f5626ac65aff85231686caf5c3897c210,dataset/train/notumor/Tr-no_0330.jpg,train,notumor,no_tumor,3,True,False
16bdc3ca286cca1bb4761deeca41c63f5626ac65aff85231686caf5c3897c210,dataset/train/notumor/Tr-no_0971.jpg,train,notumor,no_tumor,3,True,False
1760da4ac516c8564bf06bc349176a1463dbb49f4de7b6d0b986ff015b96bd62,dataset/train/notumor/Tr-no_0166.jpg,train,notumor,no_tumor,2,False,False
1760da4ac516c8564bf06bc349176a1463dbb49f4de7b6d0b986ff015b96bd62,dataset/train/notumor/Tr-no_1119.jpg,train,notumor,no_tumor,2,False,False
17bd1588f84aafbccb846c974ae1f24cef5ce6f0fc0f32a4417af50bfe9f52cd,dataset/train/notumor/Tr-no_0145.jpg,train,notumor,no_tumor,3,False,False
17bd1588f84aafbccb846c974ae1f24cef5ce6f0fc0f32a4417af50bfe9f52cd,dataset/train/notumor/Tr-no_0182.jpg,train,notumor,no_tumor,3,False,False
17bd1588f84aafbccb846c974ae1f24cef5ce6f0fc0f32a4417af50bfe9f52cd,dataset/train/notumor/Tr-no_1102.jpg,train,notumor,no_tumor,3,False,False
18cfaf6cee35ef130675d36429a4d0d9d944cef9942c203b01975b7130ff6df5,dataset/test/notumor/Te-no_0064.jpg,test,notumor,no_tumor,3,True,False
18cfaf6cee35ef130675d36429a4d0d9d944cef9942c203b01975b7130ff6df5,dataset/train/notumor/Tr-no_0327.jpg,train,notumor,no_tumor,3,True,False
18cfaf6cee35ef130675d36429a4d0d9d944cef9942c203b01975b7130ff6df5,dataset/train/notumor/Tr-no_0970.jpg,train,notumor,no_tumor,3,True,False
192cb19f45e0c2f320174ae32077f828514d07d101a3042b1064776e6bc28cd6,dataset/test/glioma/Te-gl_0024.jpg,test,glioma,glioma,2,False,False
192cb19f45e0c2f320174ae32077f828514d07d101a3042b1064776e6bc28cd6,dataset/test/glioma/Te-gl_0029.jpg,test,glioma,glioma,2,False,False
19d1e5fece32f25cffe40d78ee005f41ff3c2598c7765ed122ffb29518274326,dataset/test/notumor/Te-no_0035.jpg,test,notumor,no_tumor,5,True,False
19d1e5fece32f25cffe40d78ee005f41ff3c2598c7765ed122ffb29518274326,dataset/test/notumor/Te-no_0081.jpg,test,notumor,no_tumor,5,True,False
19d1e5fece32f25cffe40d78ee005f41ff3c2598c7765ed122ffb29518274326,dataset/train/notumor/Tr-no_0091.jpg,train,notumor,no_tumor,5,True,False
19d1e5fece32f25cffe40d78ee005f41ff3c2598c7765ed122ffb29518274326,dataset/train/notumor/Tr-no_0345.jpg,train,notumor,no_tumor,5,True,False
19d1e5fece32f25cffe40d78ee005f41ff3c2598c7765ed122ffb29518274326,dataset/train/notumor/Tr-no_0985.jpg,train,notumor,no_tumor,5,True,False
1cc081e753d825a7a043b7968fa48c166d3518426790468025d6674794791327,dataset/test/notumor/Te-no_0014.jpg,test,notumor,no_tumor,2,True,False
1cc081e753d825a7a043b7968fa48c166d3518426790468025d6674794791327,dataset/train/notumor/Tr-no_1173.jpg,train,notumor,no_tumor,2,True,False
1d489fd63322dff8146dfb442c512362d2d42d5f4e44b90414202ac0abe5f97e,dataset/test/notumor/Te-no_0057.jpg,test,notumor,no_tumor,3,True,False
1d489fd63322dff8146dfb442c512362d2d42d5f4e44b90414202ac0abe5f97e,dataset/train/notumor/Tr-no_0313.jpg,train,notumor,no_tumor,3,True,False
1d489fd63322dff8146dfb442c512362d2d42d5f4e44b90414202ac0abe5f97e,dataset/train/notumor/Tr-no_1166.jpg,train,notumor,no_tumor,3,True,False
1e1a27e88f2812b4b950fca09bf5f4b8fe20514826756ac69b37b43c0c73214b,dataset/train/notumor/Tr-no_0118.jpg,train,notumor,no_tumor,3,False,False
1e1a27e88f2812b4b950fca09bf5f4b8fe20514826756ac69b37b43c0c73214b,dataset/train/notumor/Tr-no_0123.jpg,train,notumor,no_tumor,3,False,False
1e1a27e88f2812b4b950fca09bf5f4b8fe20514826756ac69b37b43c0c73214b,dataset/train/notumor/Tr-no_0136.jpg,train,notumor,no_tumor,3,False,False
1fe1db4adc37442001e9e054e3a990efa31b7db7cdb0a3d2711afbf346f9094b,dataset/test/notumor/Te-no_0024.jpg,test,notumor,no_tumor,2,True,False
1fe1db4adc37442001e9e054e3a990efa31b7db7cdb0a3d2711afbf346f9094b,dataset/train/notumor/Tr-no_0290.jpg,train,notumor,no_tumor,2,True,False
20b0c7de1c131e75deff54e8f0c51eef6c48116cdcbf7bb1f47fc7e4c7f07ab1,dataset/train/notumor/Tr-no_0197.jpg,train,notumor,no_tumor,3,False,False
20b0c7de1c131e75deff54e8f0c51eef6c48116cdcbf7bb1f47fc7e4c7f07ab1,dataset/train/notumor/Tr-no_0276.jpg,train,notumor,no_tumor,3,False,False
20b0c7de1c131e75deff54e8f0c51eef6c48116cdcbf7bb1f47fc7e4c7f07ab1,dataset/train/notumor/Tr-no_1151.jpg,train,notumor,no_tumor,3,False,False
220816d55783431f776d10ccd11ebda7aa823602de035f0f07d0d7cd780cfa0f,dataset/test/notumor/Te-no_0037.jpg,test,notumor,no_tumor,3,True,False
220816d55783431f776d10ccd11ebda7aa823602de035f0f07d0d7cd780cfa0f,dataset/train/notumor/Tr-no_0113.jpg,train,notumor,no_tumor,3,True,False
220816d55783431f776d10ccd11ebda7aa823602de035f0f07d0d7cd780cfa0f,dataset/train/notumor/Tr-no_1093.jpg,train,notumor,no_tumor,3,True,False
23794834130a37699051efa29c29b9af12ae94b6a65d3957d7f9ad667f9bdf0f,dataset/train/notumor/Tr-no_0074.jpg,train,notumor,no_tumor,2,False,False
23794834130a37699051efa29c29b9af12ae94b6a65d3957d7f9ad667f9bdf0f,dataset/train/notumor/Tr-no_0079.jpg,train,notumor,no_tumor,2,False,False
23a839738271bed355a592894783aaec5b225a7ea883e26b116b63a6edb819a1,dataset/train/notumor/Tr-no_0031.jpg,train,notumor,no_tumor,2,False,False
23a839738271bed355a592894783aaec5b225a7ea883e26b116b63a6edb819a1,dataset/train/notumor/Tr-no_1072.jpg,train,notumor,no_tumor,2,False,False
247420d663a2af95266ddfb5c9cd2ee741d2474f300ca0d25809d37f61e9c4df,dataset/test/notumor/Te-no_0058.jpg,test,notumor,no_tumor,2,True,False
247420d663a2af95266ddfb5c9cd2ee741d2474f300ca0d25809d37f61e9c4df,dataset/train/notumor/Tr-no_0322.jpg,train,notumor,no_tumor,2,True,False
24d874e516a3da5ce8ada80135a0a62c8474538f72f098ad9d3e7ff794595f35,dataset/train/notumor/Tr-no_0017.jpg,train,notumor,no_tumor,2,False,False
24d874e516a3da5ce8ada80135a0a62c8474538f72f098ad9d3e7ff794595f35,dataset/train/notumor/Tr-no_1058.jpg,train,notumor,no_tumor,2,False,False
24f09f91af40e42f2798bbc29df353ce17e6a0c0b533fb923b2fa8f75df6b496,dataset/train/meningioma/Tr-me_0176.jpg,train,meningioma,meningioma,3,False,False
24f09f91af40e42f2798bbc29df353ce17e6a0c0b533fb923b2fa8f75df6b496,dataset/train/meningioma/Tr-me_0211.jpg,train,meningioma,meningioma,3,False,False
24f09f91af40e42f2798bbc29df353ce17e6a0c0b533fb923b2fa8f75df6b496,dataset/train/meningioma/Tr-me_0366.jpg,train,meningioma,meningioma,3,False,False
25c13de1f058a3b2d081828fab9a6589ac1feba9a0c3963e8033115e3b9bc2ee,dataset/train/notumor/Tr-no_0128.jpg,train,notumor,no_tumor,2,False,False
25c13de1f058a3b2d081828fab9a6589ac1feba9a0c3963e8033115e3b9bc2ee,dataset/train/notumor/Tr-no_0137.jpg,train,notumor,no_tumor,2,False,False
25dbc9664f03a7af82b74aec6c5497cd94dc5f6f639907656725d0ac88cfd111,dataset/train/notumor/Tr-no_0120.jpg,train,notumor,no_tumor,4,False,False
25dbc9664f03a7af82b74aec6c5497cd94dc5f6f639907656725d0ac88cfd111,dataset/train/notumor/Tr-no_0125.jpg,train,notumor,no_tumor,4,False,False
25dbc9664f03a7af82b74aec6c5497cd94dc5f6f639907656725d0ac88cfd111,dataset/train/notumor/Tr-no_0365.jpg,train,notumor,no_tumor,4,False,False
25dbc9664f03a7af82b74aec6c5497cd94dc5f6f639907656725d0ac88cfd111,dataset/train/notumor/Tr-no_0368.jpg,train,notumor,no_tumor,4,False,False
270d8daa78d030858d13b95aad0f59bf3cd78b17a6ab1604e0118342676de60f,dataset/train/notumor/Tr-no_0194.jpg,train,notumor,no_tumor,2,False,False
270d8daa78d030858d13b95aad0f59bf3cd78b17a6ab1604e0118342676de60f,dataset/train/notumor/Tr-no_0200.jpg,train,notumor,no_tumor,2,False,False
2779f5d9e97ff8a2283e34ab88a7e6de22c561367944758e2796f427fd2dddd9,dataset/train/notumor/Tr-no_0234.jpg,train,notumor,no_tumor,3,False,False
2779f5d9e97ff8a2283e34ab88a7e6de22c561367944758e2796f427fd2dddd9,dataset/train/notumor/Tr-no_0239.jpg,train,notumor,no_tumor,3,False,False
2779f5d9e97ff8a2283e34ab88a7e6de22c561367944758e2796f427fd2dddd9,dataset/train/notumor/Tr-no_1135.jpg,train,notumor,no_tumor,3,False,False
280d387f9ef5c5407c3a5618fc7e3a861fed385c6f4c2e11e1ee9b13a7faa102,dataset/train/notumor/Tr-no_0144.jpg,train,notumor,no_tumor,2,False,False
280d387f9ef5c5407c3a5618fc7e3a861fed385c6f4c2e11e1ee9b13a7faa102,dataset/train/notumor/Tr-no_0294.jpg,train,notumor,no_tumor,2,False,False
29f5011764730ed401f04b4978195c0b9fcedb005c3408f89a7586259cb1b675,dataset/train/notumor/Tr-no_0073.jpg,train,notumor,no_tumor,2,False,False
29f5011764730ed401f04b4978195c0b9fcedb005c3408f89a7586259cb1b675,dataset/train/notumor/Tr-no_0078.jpg,train,notumor,no_tumor,2,False,False
2ad6ffff97ce8cbfd5d4785955ea16a6ccf7090eb67a8015e47cd8902571b827,dataset/train/notumor/Tr-no_0150.jpg,train,notumor,no_tumor,4,False,False
2ad6ffff97ce8cbfd5d4785955ea16a6ccf7090eb67a8015e47cd8902571b827,dataset/train/notumor/Tr-no_0164.jpg,train,notumor,no_tumor,4,False,False
2ad6ffff97ce8cbfd5d4785955ea16a6ccf7090eb67a8015e47cd8902571b827,dataset/train/notumor/Tr-no_0242.jpg,train,notumor,no_tumor,4,False,False
2ad6ffff97ce8cbfd5d4785955ea16a6ccf7090eb67a8015e47cd8902571b827,dataset/train/notumor/Tr-no_1117.jpg,train,notumor,no_tumor,4,False,False
2bcf7f2051a470cc90e74522c8141783f4e6e3b36b033e622bb446070804fbce,dataset/train/notumor/Tr-no_0225.jpg,train,notumor,no_tumor,2,False,False
2bcf7f2051a470cc90e74522c8141783f4e6e3b36b033e622bb446070804fbce,dataset/train/notumor/Tr-no_1126.jpg,train,notumor,no_tumor,2,False,False
2c0036409ce103a8668735db595e18d01fbd821ca66e8ef43c77d6a4add544de,dataset/test/notumor/Te-no_0090.jpg,test,notumor,no_tumor,2,True,False
2c0036409ce103a8668735db595e18d01fbd821ca66e8ef43c77d6a4add544de,dataset/train/notumor/Tr-no_0354.jpg,train,notumor,no_tumor,2,True,False
2c6470345e908770e6f61b6a2e55cc80288f8598149e3b4558a1d79dfdba6c4a,dataset/test/notumor/Te-no_0046.jpg,test,notumor,no_tumor,3,True,False
2c6470345e908770e6f61b6a2e55cc80288f8598149e3b4558a1d79dfdba6c4a,dataset/train/notumor/Tr-no_0202.jpg,train,notumor,no_tumor,3,True,False
2c6470345e908770e6f61b6a2e55cc80288f8598149e3b4558a1d79dfdba6c4a,dataset/train/notumor/Tr-no_1178.jpg,train,notumor,no_tumor,3,True,False
2cd1096a6415c70403948e7aaac0694451619850a4ce545b4f9134b06401248b,dataset/train/notumor/Tr-no_0281.jpg,train,notumor,no_tumor,2,False,False
2cd1096a6415c70403948e7aaac0694451619850a4ce545b4f9134b06401248b,dataset/train/notumor/Tr-no_1156.jpg,train,notumor,no_tumor,2,False,False
2db2426323e2d116ddfd79ca17da4f0c3861a527eba11414ce1ffe403b5810bd,dataset/train/notumor/Tr-no_0960.jpg,train,notumor,no_tumor,2,False,False
2db2426323e2d116ddfd79ca17da4f0c3861a527eba11414ce1ffe403b5810bd,dataset/train/notumor/Tr-no_1157.jpg,train,notumor,no_tumor,2,False,False
2e9979eb629886f51f2e4b143f7526fe57537077b3bcb1bfd7d4ecad00b30547,dataset/train/notumor/Tr-no_0226.jpg,train,notumor,no_tumor,2,False,False
2e9979eb629886f51f2e4b143f7526fe57537077b3bcb1bfd7d4ecad00b30547,dataset/train/notumor/Tr-no_1127.jpg,train,notumor,no_tumor,2,False,False
2ed15a662d8dcdf6077f3bf8bb4d21722e2a3b90ff2cf194db18b75933a4d322,dataset/train/notumor/Tr-no_0117.jpg,train,notumor,no_tumor,5,False,False
2ed15a662d8dcdf6077f3bf8bb4d21722e2a3b90ff2cf194db18b75933a4d322,dataset/train/notumor/Tr-no_0131.jpg,train,notumor,no_tumor,5,False,False
2ed15a662d8dcdf6077f3bf8bb4d21722e2a3b90ff2cf194db18b75933a4d322,dataset/train/notumor/Tr-no_0366.jpg,train,notumor,no_tumor,5,False,False
2ed15a662d8dcdf6077f3bf8bb4d21722e2a3b90ff2cf194db18b75933a4d322,dataset/train/notumor/Tr-no_0369.jpg,train,notumor,no_tumor,5,False,False
2ed15a662d8dcdf6077f3bf8bb4d21722e2a3b90ff2cf194db18b75933a4d322,dataset/train/notumor/Tr-no_1095.jpg,train,notumor,no_tumor,5,False,False
303c5c415fc8be331907a13c78d499fa000f24788fab65f7c9171c448978b09f,dataset/train/notumor/Tr-noTr_0002.jpg,train,notumor,no_tumor,2,False,False
303c5c415fc8be331907a13c78d499fa000f24788fab65f7c9171c448978b09f,dataset/train/notumor/Tr-no_1059.jpg,train,notumor,no_tumor,2,False,False
37d13e11e66c736b2174792a44b897777f212e935d5c74141ced8dc58d610672,dataset/train/notumor/Tr-noTr_0006.jpg,train,notumor,no_tumor,2,False,False
37d13e11e66c736b2174792a44b897777f212e935d5c74141ced8dc58d610672,dataset/train/notumor/Tr-no_1047.jpg,train,notumor,no_tumor,2,False,False
39c0884fa9dfa4bf3e2464f41480e240ad7db4eded8a5b1ced54c772956746e1,dataset/test/notumor/Te-no_0017.jpg,test,notumor,no_tumor,2,True,False
39c0884fa9dfa4bf3e2464f41480e240ad7db4eded8a5b1ced54c772956746e1,dataset/train/notumor/Tr-no_1159.jpg,train,notumor,no_tumor,2,True,False
39f4f7b252d7809d8d3d2e4521607de2195bf0f66c0592587b1cebd632aac640,dataset/test/pituitary/Te-pi_0044.jpg,test,pituitary,pituitary,2,True,False
39f4f7b252d7809d8d3d2e4521607de2195bf0f66c0592587b1cebd632aac640,dataset/train/pituitary/Tr-pi_0664.jpg,train,pituitary,pituitary,2,True,False
3a34904d65c8cc7579373460050623901047e49eec67a5d635390374c5b48634,dataset/train/notumor/Tr-no_0165.jpg,train,notumor,no_tumor,2,False,False
3a34904d65c8cc7579373460050623901047e49eec67a5d635390374c5b48634,dataset/train/notumor/Tr-no_1118.jpg,train,notumor,no_tumor,2,False,False
3e66ecd9f2d07394ea13b8f2ce9212677a14aea1066e13a1445b00cbc59b998e,dataset/train/notumor/Tr-no_0032.jpg,train,notumor,no_tumor,2,False,False
3e66ecd9f2d07394ea13b8f2ce9212677a14aea1066e13a1445b00cbc59b998e,dataset/train/notumor/Tr-no_1073.jpg,train,notumor,no_tumor,2,False,False
3e802dd22f483ce4d442fe2c7f1890c1c810ec8c1131b364fd4e4593bf0f268a,dataset/test/pituitary/Te-piTr_0001.jpg,test,pituitary,pituitary,4,True,False
3e802dd22f483ce4d442fe2c7f1890c1c810ec8c1131b364fd4e4593bf0f268a,dataset/train/pituitary/Tr-pi_0516.jpg,train,pituitary,pituitary,4,True,False
3e802dd22f483ce4d442fe2c7f1890c1c810ec8c1131b364fd4e4593bf0f268a,dataset/train/pituitary/Tr-pi_0517.jpg,train,pituitary,pituitary,4,True,False
3e802dd22f483ce4d442fe2c7f1890c1c810ec8c1131b364fd4e4593bf0f268a,dataset/train/pituitary/Tr-pi_0518.jpg,train,pituitary,pituitary,4,True,False
3fcd47df13022dff9310847e66344a301655fc62a565598336433f9c098e5074,dataset/train/notumor/Tr-no_0018.jpg,train,notumor,no_tumor,2,False,False
3fcd47df13022dff9310847e66344a301655fc62a565598336433f9c098e5074,dataset/train/notumor/Tr-no_1063.jpg,train,notumor,no_tumor,2,False,False
413708f4f5a9e003997c5c966035431a1bd741b16cde99a42ca6155cccf8f17d,dataset/train/notumor/Tr-no_0119.jpg,train,notumor,no_tumor,2,False,False
413708f4f5a9e003997c5c966035431a1bd741b16cde99a42ca6155cccf8f17d,dataset/train/notumor/Tr-no_0122.jpg,train,notumor,no_tumor,2,False,False
41d847d03ff8e8a80fde982029492adf6c622dc7d78fad2db48b14287c552296,dataset/test/notumor/Te-noTr_0007.jpg,test,notumor,no_tumor,4,True,False
41d847d03ff8e8a80fde982029492adf6c622dc7d78fad2db48b14287c552296,dataset/test/notumor/Te-no_0088.jpg,test,notumor,no_tumor,4,True,False
41d847d03ff8e8a80fde982029492adf6c622dc7d78fad2db48b14287c552296,dataset/train/notumor/Tr-no_0352.jpg,train,notumor,no_tumor,4,True,False
41d847d03ff8e8a80fde982029492adf6c622dc7d78fad2db48b14287c552296,dataset/train/notumor/Tr-no_1089.jpg,train,notumor,no_tumor,4,True,False
41efe60c9486d5c559d6ede0449c1da09b12bfbf8241ba4f28c60f82634cfe04,dataset/train/notumor/Tr-no_0199.jpg,train,notumor,no_tumor,2,False,False
41efe60c9486d5c559d6ede0449c1da09b12bfbf8241ba4f28c60f82634cfe04,dataset/train/notumor/Tr-no_1008.jpg,train,notumor,no_tumor,2,False,False
43c7fb765b0d878dca03cd26cb414b56a2e3280ce2510f3a84dac11003bbd0a0,dataset/train/notumor/Tr-no_0111.jpg,train,notumor,no_tumor,3,False,False
43c7fb765b0d878dca03cd26cb414b56a2e3280ce2510f3a84dac11003bbd0a0,dataset/train/notumor/Tr-no_0159.jpg,train,notumor,no_tumor,3,False,False
43c7fb765b0d878dca03cd26cb414b56a2e3280ce2510f3a84dac11003bbd0a0,dataset/train/notumor/Tr-no_1114.jpg,train,notumor,no_tumor,3,False,False
451f339dbf4d33864e0dd8940f533bbeddda6492cf60bb15615342bd467cc721,dataset/train/meningioma/Tr-me_0616.jpg,train,meningioma,meningioma,2,False,False
451f339dbf4d33864e0dd8940f533bbeddda6492cf60bb15615342bd467cc721,dataset/train/meningioma/Tr-me_0617.jpg,train,meningioma,meningioma,2,False,False
4951f7ba2e002020c835b3f50136c3249f3ae004624b35a262e65dd431d70e56,dataset/train/meningioma/Tr-me_0175.jpg,train,meningioma,meningioma,2,False,False
4951f7ba2e002020c835b3f50136c3249f3ae004624b35a262e65dd431d70e56,dataset/train/meningioma/Tr-me_0281.jpg,train,meningioma,meningioma,2,False,False
4984bb79a4b6f8bbe65f017c74fd7c1dce3f24d94cc9d33f92e22b441a0866ca,dataset/train/notumor/Tr-no_0284.jpg,train,notumor,no_tumor,2,False,False
4984bb79a4b6f8bbe65f017c74fd7c1dce3f24d94cc9d33f92e22b441a0866ca,dataset/train/notumor/Tr-no_1161.jpg,train,notumor,no_tumor,2,False,False
49d44a7fd256a35903b981a4c7fbd2c3adc0f87f24ed0cf34d83a91aa13441b0,dataset/test/notumor/Te-noTr_0006.jpg,test,notumor,no_tumor,2,True,False
49d44a7fd256a35903b981a4c7fbd2c3adc0f87f24ed0cf34d83a91aa13441b0,dataset/train/notumor/Tr-no_0260.jpg,train,notumor,no_tumor,2,True,False
49db0659a53802695ac4af817cff544f8034e7c9883a6751e0e321c86337f86a,dataset/train/notumor/Tr-no_0161.jpg,train,notumor,no_tumor,2,False,False
49db0659a53802695ac4af817cff544f8034e7c9883a6751e0e321c86337f86a,dataset/train/notumor/Tr-no_1116.jpg,train,notumor,no_tumor,2,False,False
4c2c103442bacc20c289e01799a028f732816b392a316671549e21810560ac30,dataset/train/notumor/Tr-no_0245.jpg,train,notumor,no_tumor,2,False,False
4c2c103442bacc20c289e01799a028f732816b392a316671549e21810560ac30,dataset/train/notumor/Tr-no_1140.jpg,train,notumor,no_tumor,2,False,False
4c6238dc9771a99b1623932047fd64d5eb26d25cc294916c516b85e261c8ab46,dataset/test/notumor/Te-no_0079.jpg,test,notumor,no_tumor,2,True,False
4c6238dc9771a99b1623932047fd64d5eb26d25cc294916c516b85e261c8ab46,dataset/train/notumor/Tr-no_0343.jpg,train,notumor,no_tumor,2,True,False
4f2893125ab87fc6fcd6cd5388db893efeb9a1a30e59f942e7743144766c78f6,dataset/test/notumor/Te-no_0032.jpg,test,notumor,no_tumor,3,True,False
4f2893125ab87fc6fcd6cd5388db893efeb9a1a30e59f942e7743144766c78f6,dataset/train/notumor/Tr-no_0384.jpg,train,notumor,no_tumor,3,True,False
4f2893125ab87fc6fcd6cd5388db893efeb9a1a30e59f942e7743144766c78f6,dataset/train/notumor/Tr-no_0989.jpg,train,notumor,no_tumor,3,True,False
4f3c00ef520660295576c472a0cafc9f1bb400d736b352b736966af08bf09235,dataset/test/notumor/Te-no_0018.jpg,test,notumor,no_tumor,4,True,False
4f3c00ef520660295576c472a0cafc9f1bb400d736b352b736966af08bf09235,dataset/test/notumor/Te-no_0070.jpg,test,notumor,no_tumor,4,True,False
4f3c00ef520660295576c472a0cafc9f1bb400d736b352b736966af08bf09235,dataset/train/notumor/Tr-no_0334.jpg,train,notumor,no_tumor,4,True,False
4f3c00ef520660295576c472a0cafc9f1bb400d736b352b736966af08bf09235,dataset/train/notumor/Tr-no_0974.jpg,train,notumor,no_tumor,4,True,False
53765f8fc313f7684b0df4547a89e27ecae20ae66c60ee26318fc9f1a301de8d,dataset/test/notumor/Te-no_0101.jpg,test,notumor,no_tumor,2,True,False
53765f8fc313f7684b0df4547a89e27ecae20ae66c60ee26318fc9f1a301de8d,dataset/train/notumor/Tr-no_0249.jpg,train,notumor,no_tumor,2,True,False
537e7ad0a496f23042626741b362e936fc711da2aa25d4c5ce628d03bf4109cb,dataset/train/notumor/Tr-no_0220.jpg,train,notumor,no_tumor,2,False,False
537e7ad0a496f23042626741b362e936fc711da2aa25d4c5ce628d03bf4109cb,dataset/train/notumor/Tr-no_1083.jpg,train,notumor,no_tumor,2,False,False
5a66211168e2f92209f3aee80fe618a1555144bada16fdc2035d1780321c02cf,dataset/train/notumor/Tr-noTr_0005.jpg,train,notumor,no_tumor,2,False,False
5a66211168e2f92209f3aee80fe618a1555144bada16fdc2035d1780321c02cf,dataset/train/notumor/Tr-no_0029.jpg,train,notumor,no_tumor,2,False,False
5b32b70fee5498a7e242f40fd975486691a248ef53c7657ac4c5831133ade0fb,dataset/test/notumor/Te-no_0080.jpg,test,notumor,no_tumor,6,True,False
5b32b70fee5498a7e242f40fd975486691a248ef53c7657ac4c5831133ade0fb,dataset/train/notumor/Tr-no_0148.jpg,train,notumor,no_tumor,6,True,False
5b32b70fee5498a7e242f40fd975486691a248ef53c7657ac4c5831133ade0fb,dataset/train/notumor/Tr-no_0222.jpg,train,notumor,no_tumor,6,True,False
5b32b70fee5498a7e242f40fd975486691a248ef53c7657ac4c5831133ade0fb,dataset/train/notumor/Tr-no_0282.jpg,train,notumor,no_tumor,6,True,False
5b32b70fee5498a7e242f40fd975486691a248ef53c7657ac4c5831133ade0fb,dataset/train/notumor/Tr-no_0344.jpg,train,notumor,no_tumor,6,True,False
5b32b70fee5498a7e242f40fd975486691a248ef53c7657ac4c5831133ade0fb,dataset/train/notumor/Tr-no_1104.jpg,train,notumor,no_tumor,6,True,False
5dc458fca643f408eb0da30575e47f363f70ce78a3a14f1b8452139696512b00,dataset/test/notumor/Te-no_0036.jpg,test,notumor,no_tumor,3,True,False
5dc458fca643f408eb0da30575e47f363f70ce78a3a14f1b8452139696512b00,dataset/train/notumor/Tr-no_0102.jpg,train,notumor,no_tumor,3,True,False
5dc458fca643f408eb0da30575e47f363f70ce78a3a14f1b8452139696512b00,dataset/train/notumor/Tr-no_0968.jpg,train,notumor,no_tumor,3,True,False
5f51fecec97f1264f4cb6a9f7d0d847f17e49033ec034b11d2cc5c8b79ba6519,dataset/train/notumor/Tr-no_0154.jpg,train,notumor,no_tumor,2,False,False
5f51fecec97f1264f4cb6a9f7d0d847f17e49033ec034b11d2cc5c8b79ba6519,dataset/train/notumor/Tr-no_0237.jpg,train,notumor,no_tumor,2,False,False
6296fc94ca1dba543a77ac0312ae4eda86053a44d81a9151e77e1e6b90bd91d3,dataset/train/notumor/Tr-no_0015.jpg,train,notumor,no_tumor,2,False,False
6296fc94ca1dba543a77ac0312ae4eda86053a44d81a9151e77e1e6b90bd91d3,dataset/train/notumor/Tr-no_1056.jpg,train,notumor,no_tumor,2,False,False
64eee5cd2516c265ea888fc3d784e97daed289385a487567e66b2aabacf50555,dataset/train/notumor/Tr-no_0151.jpg,train,notumor,no_tumor,2,False,False
64eee5cd2516c265ea888fc3d784e97daed289385a487567e66b2aabacf50555,dataset/train/notumor/Tr-no_1106.jpg,train,notumor,no_tumor,2,False,False
65171c43207bd38c794fd14bf5f513325e8a4fe207f71539009bfb4f78b347d8,dataset/train/notumor/Tr-no_0277.jpg,train,notumor,no_tumor,2,False,False
65171c43207bd38c794fd14bf5f513325e8a4fe207f71539009bfb4f78b347d8,dataset/train/notumor/Tr-no_1152.jpg,train,notumor,no_tumor,2,False,False
682871b3c7250e0c56b28688840ac15101ec847a891e0b2d2cb72f0436ff8073,dataset/train/notumor/Tr-no_0190.jpg,train,notumor,no_tumor,2,False,False
682871b3c7250e0c56b28688840ac15101ec847a891e0b2d2cb72f0436ff8073,dataset/train/notumor/Tr-no_0962.jpg,train,notumor,no_tumor,2,False,False
690ed9d73b96706b833cfbb95e40543fe022c7579ab74693873e2c26766c5efb,dataset/train/pituitary/Tr-pi_0676.jpg,train,pituitary,pituitary,2,False,False
690ed9d73b96706b833cfbb95e40543fe022c7579ab74693873e2c26766c5efb,dataset/train/pituitary/Tr-pi_0677.jpg,train,pituitary,pituitary,2,False,False
6b73dc365fbc93ff66b40c68f2e5cd259e650193088389a5f1b968b8c537f4f4,dataset/train/notumor/Tr-no_0139.jpg,train,notumor,no_tumor,2,False,False
6b73dc365fbc93ff66b40c68f2e5cd259e650193088389a5f1b968b8c537f4f4,dataset/train/notumor/Tr-no_1100.jpg,train,notumor,no_tumor,2,False,False
6c374ab41105e5927d08e15103c8c27416f8e7d03c15c03d104ace5b310bd0ed,dataset/train/pituitary/Tr-pi_0159.jpg,train,pituitary,pituitary,2,False,False
6c374ab41105e5927d08e15103c8c27416f8e7d03c15c03d104ace5b310bd0ed,dataset/train/pituitary/Tr-pi_0160.jpg,train,pituitary,pituitary,2,False,False
6d94cb16b0e532e10913e0f7e82bc9f0e2ddc3ff08601f8f7b118b88a137e111,dataset/test/notumor/Te-no_0095.jpg,test,notumor,no_tumor,2,True,False
6d94cb16b0e532e10913e0f7e82bc9f0e2ddc3ff08601f8f7b118b88a137e111,dataset/train/notumor/Tr-no_0358.jpg,train,notumor,no_tumor,2,True,False
6df56cc8a677bbc089ccb7f85e5f40b665a551aa28c7f2fffffcaddf521ed503,dataset/test/notumor/Te-no_0041.jpg,test,notumor,no_tumor,2,True,False
6df56cc8a677bbc089ccb7f85e5f40b665a551aa28c7f2fffffcaddf521ed503,dataset/train/notumor/Tr-no_0146.jpg,train,notumor,no_tumor,2,True,False
6e643c3263775b4637ad4e11620277c6ac65dcf63996826f76cac2dac5d8afdc,dataset/test/notumor/Te-no_0040.jpg,test,notumor,no_tumor,5,True,False
6e643c3263775b4637ad4e11620277c6ac65dcf63996826f76cac2dac5d8afdc,dataset/test/notumor/Te-no_0052.jpg,test,notumor,no_tumor,5,True,False
6e643c3263775b4637ad4e11620277c6ac65dcf63996826f76cac2dac5d8afdc,dataset/train/notumor/Tr-no_0135.jpg,train,notumor,no_tumor,5,True,False
6e643c3263775b4637ad4e11620277c6ac65dcf63996826f76cac2dac5d8afdc,dataset/train/notumor/Tr-no_0257.jpg,train,notumor,no_tumor,5,True,False
6e643c3263775b4637ad4e11620277c6ac65dcf63996826f76cac2dac5d8afdc,dataset/train/notumor/Tr-no_1096.jpg,train,notumor,no_tumor,5,True,False
6f3bdbdba45d1f985b33e51c93c318e0f04f2c3186dfae874050a99a11b1af02,dataset/train/notumor/Tr-no_0072.jpg,train,notumor,no_tumor,2,False,False
6f3bdbdba45d1f985b33e51c93c318e0f04f2c3186dfae874050a99a11b1af02,dataset/train/notumor/Tr-no_0077.jpg,train,notumor,no_tumor,2,False,False
71b3de7ee123124b0cf239be46cde689f527b1b56127ff7668cabca4c6384513,dataset/test/notumor/Te-noTr_0009.jpg,test,notumor,no_tumor,2,True,False
71b3de7ee123124b0cf239be46cde689f527b1b56127ff7668cabca4c6384513,dataset/train/notumor/Tr-no_1091.jpg,train,notumor,no_tumor,2,True,False
72f5f6723c7b92f641fb5d44513b6111c348e43005f8c1f4829f28eebd1117b2,dataset/train/notumor/Tr-no_0231.jpg,train,notumor,no_tumor,3,False,False
72f5f6723c7b92f641fb5d44513b6111c348e43005f8c1f4829f28eebd1117b2,dataset/train/notumor/Tr-no_0298.jpg,train,notumor,no_tumor,3,False,False
72f5f6723c7b92f641fb5d44513b6111c348e43005f8c1f4829f28eebd1117b2,dataset/train/notumor/Tr-no_1131.jpg,train,notumor,no_tumor,3,False,False
733e77e4b6da2d851bddbf9cf2768c02db39d5fa0f7be61fdbcb9d1e044abb76,dataset/test/notumor/Te-no_0045.jpg,test,notumor,no_tumor,6,True,False
733e77e4b6da2d851bddbf9cf2768c02db39d5fa0f7be61fdbcb9d1e044abb76,dataset/test/notumor/Te-no_0050.jpg,test,notumor,no_tumor,6,True,False
733e77e4b6da2d851bddbf9cf2768c02db39d5fa0f7be61fdbcb9d1e044abb76,dataset/test/notumor/Te-no_0054.jpg,test,notumor,no_tumor,6,True,False
733e77e4b6da2d851bddbf9cf2768c02db39d5fa0f7be61fdbcb9d1e044abb76,dataset/train/notumor/Tr-no_0191.jpg,train,notumor,no_tumor,6,True,False
733e77e4b6da2d851bddbf9cf2768c02db39d5fa0f7be61fdbcb9d1e044abb76,dataset/train/notumor/Tr-no_0235.jpg,train,notumor,no_tumor,6,True,False
733e77e4b6da2d851bddbf9cf2768c02db39d5fa0f7be61fdbcb9d1e044abb76,dataset/train/notumor/Tr-no_0279.jpg,train,notumor,no_tumor,6,True,False
73a882655ceb0a5b8d3f4beea54d9ab58aa36e1021e7807dbb1c72617d4dfecc,dataset/train/notumor/Tr-no_0247.jpg,train,notumor,no_tumor,2,False,False
73a882655ceb0a5b8d3f4beea54d9ab58aa36e1021e7807dbb1c72617d4dfecc,dataset/train/notumor/Tr-no_1142.jpg,train,notumor,no_tumor,2,False,False
76a70a3f68103e335f080a323d763fbda5febc37e4714c2f9b54499795f13fa3,dataset/test/notumor/Te-no_0030.jpg,test,notumor,no_tumor,5,True,False
76a70a3f68103e335f080a323d763fbda5febc37e4714c2f9b54499795f13fa3,dataset/test/notumor/Te-no_0065.jpg,test,notumor,no_tumor,5,True,False
76a70a3f68103e335f080a323d763fbda5febc37e4714c2f9b54499795f13fa3,dataset/train/notumor/Tr-no_0328.jpg,train,notumor,no_tumor,5,True,False
76a70a3f68103e335f080a323d763fbda5febc37e4714c2f9b54499795f13fa3,dataset/train/notumor/Tr-no_0362.jpg,train,notumor,no_tumor,5,True,False
76a70a3f68103e335f080a323d763fbda5febc37e4714c2f9b54499795f13fa3,dataset/train/notumor/Tr-no_0977.jpg,train,notumor,no_tumor,5,True,False
76d577713f1cf4414f780058f2079f7e6446aba86e89a86d7dd36401ca79a727,dataset/train/notumor/Tr-no_0316.jpg,train,notumor,no_tumor,2,False,False
76d577713f1cf4414f780058f2079f7e6446aba86e89a86d7dd36401ca79a727,dataset/train/notumor/Tr-no_1168.jpg,train,notumor,no_tumor,2,False,False
7703b9670ac9265886cbf62735e2ff074c1507a654573807d0a8468a54c89dd7,dataset/test/notumor/Te-no_0042.jpg,test,notumor,no_tumor,3,True,False
7703b9670ac9265886cbf62735e2ff074c1507a654573807d0a8468a54c89dd7,dataset/train/notumor/Tr-no_0157.jpg,train,notumor,no_tumor,3,True,False
7703b9670ac9265886cbf62735e2ff074c1507a654573807d0a8468a54c89dd7,dataset/train/notumor/Tr-no_1110.jpg,train,notumor,no_tumor,3,True,False
77d1374baf9988fd4f9272886783a65820b3afbbbaa773777ed01a4b04ff9d80,dataset/test/notumor/Te-no_0091.jpg,test,notumor,no_tumor,2,True,False
77d1374baf9988fd4f9272886783a65820b3afbbbaa773777ed01a4b04ff9d80,dataset/train/notumor/Tr-no_0355.jpg,train,notumor,no_tumor,2,True,False
79b6fe05b46ee2a734c4da64cd109bc508bfd1b76f46e9c496dbb406f86139f9,dataset/train/notumor/Tr-no_0280.jpg,train,notumor,no_tumor,2,False,False
79b6fe05b46ee2a734c4da64cd109bc508bfd1b76f46e9c496dbb406f86139f9,dataset/train/notumor/Tr-no_1155.jpg,train,notumor,no_tumor,2,False,False
7a7fcfb55378e4367cb3f163dc510df7e4b5f95d8fee5e4407b6ef397d56e243,dataset/train/notumor/Tr-no_0244.jpg,train,notumor,no_tumor,2,False,False
7a7fcfb55378e4367cb3f163dc510df7e4b5f95d8fee5e4407b6ef397d56e243,dataset/train/notumor/Tr-no_1139.jpg,train,notumor,no_tumor,2,False,False
7adb02dafa127d16b635a76df10314f68ded12fa7a20457e4d666d2873a2130f,dataset/train/notumor/Tr-no_0170.jpg,train,notumor,no_tumor,2,False,False
7adb02dafa127d16b635a76df10314f68ded12fa7a20457e4d666d2873a2130f,dataset/train/notumor/Tr-no_1125.jpg,train,notumor,no_tumor,2,False,False
7b73d6019deb1482bc5fb7027f12719bea983c8eb0b0c0f3e95feb61c90fafb3,dataset/test/notumor/Te-no_0019.jpg,test,notumor,no_tumor,6,True,False
7b73d6019deb1482bc5fb7027f12719bea983c8eb0b0c0f3e95feb61c90fafb3,dataset/test/notumor/Te-no_0062.jpg,test,notumor,no_tumor,6,True,False
7b73d6019deb1482bc5fb7027f12719bea983c8eb0b0c0f3e95feb61c90fafb3,dataset/test/notumor/Te-no_0073.jpg,test,notumor,no_tumor,6,True,False
7b73d6019deb1482bc5fb7027f12719bea983c8eb0b0c0f3e95feb61c90fafb3,dataset/train/notumor/Tr-no_0325.jpg,train,notumor,no_tumor,6,True,False
7b73d6019deb1482bc5fb7027f12719bea983c8eb0b0c0f3e95feb61c90fafb3,dataset/train/notumor/Tr-no_0336.jpg,train,notumor,no_tumor,6,True,False
7b73d6019deb1482bc5fb7027f12719bea983c8eb0b0c0f3e95feb61c90fafb3,dataset/train/notumor/Tr-no_1183.jpg,train,notumor,no_tumor,6,True,False
7c103b082c141631e8475390a8b06ef7ef0cfba10e61cf2d4ce9dd1e2b08dfb0,dataset/train/notumor/Tr-no_0236.jpg,train,notumor,no_tumor,2,False,False
7c103b082c141631e8475390a8b06ef7ef0cfba10e61cf2d4ce9dd1e2b08dfb0,dataset/train/notumor/Tr-no_1133.jpg,train,notumor,no_tumor,2,False,False
7d0738e4f6493b449e20a147b80f674c589dc478dd6b5ccd4fb6ea1c329f0cfe,dataset/train/pituitary/Tr-pi_0526.jpg,train,pituitary,pituitary,3,False,False
7d0738e4f6493b449e20a147b80f674c589dc478dd6b5ccd4fb6ea1c329f0cfe,dataset/train/pituitary/Tr-pi_0527.jpg,train,pituitary,pituitary,3,False,False
7d0738e4f6493b449e20a147b80f674c589dc478dd6b5ccd4fb6ea1c329f0cfe,dataset/train/pituitary/Tr-pi_0529.jpg,train,pituitary,pituitary,3,False,False
7d5fb3078f6ed56884ebf8c14928f4e8e05ffd2065cf1b5f4b23cd6dfa3f49ef,dataset/train/notumor/Tr-no_0215.jpg,train,notumor,no_tumor,2,False,False
7d5fb3078f6ed56884ebf8c14928f4e8e05ffd2065cf1b5f4b23cd6dfa3f49ef,dataset/train/notumor/Tr-no_1050.jpg,train,notumor,no_tumor,2,False,False
7f04f0b6fd5821e19cf5a273a540df06a1f6bdcaa63bb235743e274fff825fbd,dataset/train/notumor/Tr-noTr_0003.jpg,train,notumor,no_tumor,2,False,False
7f04f0b6fd5821e19cf5a273a540df06a1f6bdcaa63bb235743e274fff825fbd,dataset/train/notumor/Tr-no_0994.jpg,train,notumor,no_tumor,2,False,False
812a2c6599255067e9752c7d0037f409d91f7336f42d7af3440fb5c2c91e8da1,dataset/test/notumor/Te-no_0074.jpg,test,notumor,no_tumor,2,True,False
812a2c6599255067e9752c7d0037f409d91f7336f42d7af3440fb5c2c91e8da1,dataset/train/notumor/Tr-no_0337.jpg,train,notumor,no_tumor,2,True,False
840e12a9d0fc509d61fab11db74d1716234312bd96939b632e19b8f102ace3cf,dataset/train/notumor/Tr-no_0185.jpg,train,notumor,no_tumor,3,False,False
840e12a9d0fc509d61fab11db74d1716234312bd96939b632e19b8f102ace3cf,dataset/train/notumor/Tr-no_0187.jpg,train,notumor,no_tumor,3,False,False
840e12a9d0fc509d61fab11db74d1716234312bd96939b632e19b8f102ace3cf,dataset/train/notumor/Tr-no_1179.jpg,train,notumor,no_tumor,3,False,False
84acb850a9c5348cd00623122246c83dffd727e007aedc1d484e39d06e784c6f,dataset/train/notumor/Tr-no_0034.jpg,train,notumor,no_tumor,2,False,False
84acb850a9c5348cd00623122246c83dffd727e007aedc1d484e39d06e784c6f,dataset/train/notumor/Tr-no_1078.jpg,train,notumor,no_tumor,2,False,False
84b2155377f2b5ec87d3988642b885d5b6249e7907486184ac311e15a8a599a9,dataset/train/notumor/Tr-no_0025.jpg,train,notumor,no_tumor,2,False,False
84b2155377f2b5ec87d3988642b885d5b6249e7907486184ac311e15a8a599a9,dataset/train/notumor/Tr-no_1067.jpg,train,notumor,no_tumor,2,False,False
86847c6a4729a4b19bf1b3f58905c68812c6f75ea680c0ccb1621b94e165d16f,dataset/test/meningioma/Te-me_0010.jpg,test,meningioma,meningioma,2,False,False
86847c6a4729a4b19bf1b3f58905c68812c6f75ea680c0ccb1621b94e165d16f,dataset/test/meningioma/Te-me_0031.jpg,test,meningioma,meningioma,2,False,False
88aba8f5a882187bc3df678f2b3a88c6c59cec1c01fb732e5671a5ffb6a494d7,dataset/train/notumor/Tr-noTr_0007.jpg,train,notumor,no_tumor,2,False,False
88aba8f5a882187bc3df678f2b3a88c6c59cec1c01fb732e5671a5ffb6a494d7,dataset/train/notumor/Tr-no_1052.jpg,train,notumor,no_tumor,2,False,False
8a05324c1e59d079c88ad71e484739999eab506d3e7eb1bca857264329113b94,dataset/train/notumor/Tr-no_0317.jpg,train,notumor,no_tumor,2,False,False
8a05324c1e59d079c88ad71e484739999eab506d3e7eb1bca857264329113b94,dataset/train/notumor/Tr-no_1169.jpg,train,notumor,no_tumor,2,False,False
8a4a14e666a67b90bf01bac1b85170bacf41fda33c7a7394d5e82e83c6f6f324,dataset/train/pituitary/Tr-pi_0169.jpg,train,pituitary,pituitary,2,False,False
8a4a14e666a67b90bf01bac1b85170bacf41fda33c7a7394d5e82e83c6f6f324,dataset/train/pituitary/Tr-pi_0170.jpg,train,pituitary,pituitary,2,False,False
8afa71fed3d0307237b24872056b750f3c06ee0d9527c35241b908eb7404080f,dataset/train/pituitary/Tr-pi_0342.jpg,train,pituitary,pituitary,2,False,False
8afa71fed3d0307237b24872056b750f3c06ee0d9527c35241b908eb7404080f,dataset/train/pituitary/Tr-pi_0343.jpg,train,pituitary,pituitary,2,False,False
8c7a08207a2f8e5bf03ed590b3a482491a6abeb9b233a40604f3422065424112,dataset/train/notumor/Tr-no_0116.jpg,train,notumor,no_tumor,3,False,False
8c7a08207a2f8e5bf03ed590b3a482491a6abeb9b233a40604f3422065424112,dataset/train/notumor/Tr-no_0130.jpg,train,notumor,no_tumor,3,False,False
8c7a08207a2f8e5bf03ed590b3a482491a6abeb9b233a40604f3422065424112,dataset/train/notumor/Tr-no_0132.jpg,train,notumor,no_tumor,3,False,False
8d1b8cb2975b43db869caaecbffd11f51651b6c25d35928f84cc295215cfb822,dataset/train/notumor/Tr-no_0304.jpg,train,notumor,no_tumor,2,False,False
8d1b8cb2975b43db869caaecbffd11f51651b6c25d35928f84cc295215cfb822,dataset/train/notumor/Tr-no_1163.jpg,train,notumor,no_tumor,2,False,False
8df1125bc5a3901ae602be99db7d676e79744a93eb6ed69de91b86cdb087a7a1,dataset/train/notumor/Tr-no_0183.jpg,train,notumor,no_tumor,2,False,False
8df1125bc5a3901ae602be99db7d676e79744a93eb6ed69de91b86cdb087a7a1,dataset/train/notumor/Tr-no_1177.jpg,train,notumor,no_tumor,2,False,False
8e2b4a6d3ce98d740a636942e40c14783eac078cf1758678c9d5aee948057aa7,dataset/train/pituitary/Tr-pi_0320.jpg,train,pituitary,pituitary,2,False,False
8e2b4a6d3ce98d740a636942e40c14783eac078cf1758678c9d5aee948057aa7,dataset/train/pituitary/Tr-pi_0321.jpg,train,pituitary,pituitary,2,False,False
90b09a698e88ffae221f5f5c0c732e7a17e93387b4e91fc0be28b3aa3b91ba33,dataset/train/notumor/Tr-no_0318.jpg,train,notumor,no_tumor,2,False,False
90b09a698e88ffae221f5f5c0c732e7a17e93387b4e91fc0be28b3aa3b91ba33,dataset/train/notumor/Tr-no_1170.jpg,train,notumor,no_tumor,2,False,False
9251febacd510bc6ab8fdebb28ac58c8db217df4d5e8af285a99547b2d3b8584,dataset/test/notumor/Te-no_0043.jpg,test,notumor,no_tumor,3,True,False
9251febacd510bc6ab8fdebb28ac58c8db217df4d5e8af285a99547b2d3b8584,dataset/train/notumor/Tr-no_0168.jpg,train,notumor,no_tumor,3,True,False
9251febacd510bc6ab8fdebb28ac58c8db217df4d5e8af285a99547b2d3b8584,dataset/train/notumor/Tr-no_1122.jpg,train,notumor,no_tumor,3,True,False
94721a1b47a80cb0533acdbac52f92ad7614d4685284b74b2a96914b038947a9,dataset/test/notumor/Te-no_0029.jpg,test,notumor,no_tumor,3,True,False
94721a1b47a80cb0533acdbac52f92ad7614d4685284b74b2a96914b038947a9,dataset/test/notumor/Te-no_0069.jpg,test,notumor,no_tumor,3,True,False
94721a1b47a80cb0533acdbac52f92ad7614d4685284b74b2a96914b038947a9,dataset/train/notumor/Tr-no_0333.jpg,train,notumor,no_tumor,3,True,False
95ffabd6cfd94e094cd1af64396bfa75f578a012f52b23cbf8e5fa828ffa4863,dataset/train/notumor/Tr-no_0274.jpg,train,notumor,no_tumor,2,False,False
95ffabd6cfd94e094cd1af64396bfa75f578a012f52b23cbf8e5fa828ffa4863,dataset/train/notumor/Tr-no_1150.jpg,train,notumor,no_tumor,2,False,False
960155b05ea8f0ddcbcd3a5e29905c2a4b55832f03e5b7d6491c73955960d278,dataset/test/meningioma/Te-me_0135.jpg,test,meningioma,meningioma,2,True,False
960155b05ea8f0ddcbcd3a5e29905c2a4b55832f03e5b7d6491c73955960d278,dataset/train/meningioma/Tr-me_0071.jpg,train,meningioma,meningioma,2,True,False
9a1a7d12c935c0029511710dba377c2d37ecf4924ec19c1644b6116b48c33610,dataset/train/notumor/Tr-no_0133.jpg,train,notumor,no_tumor,2,False,False
9a1a7d12c935c0029511710dba377c2d37ecf4924ec19c1644b6116b48c33610,dataset/train/notumor/Tr-no_0370.jpg,train,notumor,no_tumor,2,False,False
9af05acd768793e89fc6776c3af838b0bf0747cfc3a3737e1cd3af44ea09c930,dataset/test/notumor/Te-noTr_0001.jpg,test,notumor,no_tumor,8,True,False
9af05acd768793e89fc6776c3af838b0bf0747cfc3a3737e1cd3af44ea09c930,dataset/test/notumor/Te-no_0031.jpg,test,notumor,no_tumor,8,True,False
9af05acd768793e89fc6776c3af838b0bf0747cfc3a3737e1cd3af44ea09c930,dataset/test/notumor/Te-no_0067.jpg,test,notumor,no_tumor,8,True,False
9af05acd768793e89fc6776c3af838b0bf0747cfc3a3737e1cd3af44ea09c930,dataset/test/notumor/Te-no_0084.jpg,test,notumor,no_tumor,8,True,False
9af05acd768793e89fc6776c3af838b0bf0747cfc3a3737e1cd3af44ea09c930,dataset/train/notumor/Tr-no_0331.jpg,train,notumor,no_tumor,8,True,False
9af05acd768793e89fc6776c3af838b0bf0747cfc3a3737e1cd3af44ea09c930,dataset/train/notumor/Tr-no_0347.jpg,train,notumor,no_tumor,8,True,False
9af05acd768793e89fc6776c3af838b0bf0747cfc3a3737e1cd3af44ea09c930,dataset/train/notumor/Tr-no_0373.jpg,train,notumor,no_tumor,8,True,False
9af05acd768793e89fc6776c3af838b0bf0747cfc3a3737e1cd3af44ea09c930,dataset/train/notumor/Tr-no_1088.jpg,train,notumor,no_tumor,8,True,False
9c3b00e6b1f5fcb23d3ebf1a8b04f9517691cc7b7e2cfdbde375625c920b97a6,dataset/test/notumor/Te-no_0026.jpg,test,notumor,no_tumor,3,True,False
9c3b00e6b1f5fcb23d3ebf1a8b04f9517691cc7b7e2cfdbde375625c920b97a6,dataset/train/notumor/Tr-no_0340.jpg,train,notumor,no_tumor,3,True,False
9c3b00e6b1f5fcb23d3ebf1a8b04f9517691cc7b7e2cfdbde375625c920b97a6,dataset/train/notumor/Tr-no_1153.jpg,train,notumor,no_tumor,3,True,False
9cb0bd6ba354991ae933b55af58ca040f3b8db01add876aba09159d7badd3599,dataset/test/notumor/Te-no_0016.jpg,test,notumor,no_tumor,2,True,False
9cb0bd6ba354991ae933b55af58ca040f3b8db01add876aba09159d7badd3599,dataset/train/notumor/Tr-no_1147.jpg,train,notumor,no_tumor,2,True,False
9d338079dd3288665657816ebeec6ada298761e0ff9f4c22a59f05c46768db14,dataset/test/notumor/Te-no_0021.jpg,test,notumor,no_tumor,5,True,False
9d338079dd3288665657816ebeec6ada298761e0ff9f4c22a59f05c46768db14,dataset/test/notumor/Te-no_0072.jpg,test,notumor,no_tumor,5,True,False
9d338079dd3288665657816ebeec6ada298761e0ff9f4c22a59f05c46768db14,dataset/train/notumor/Tr-no_0335.jpg,train,notumor,no_tumor,5,True,False
9d338079dd3288665657816ebeec6ada298761e0ff9f4c22a59f05c46768db14,dataset/train/notumor/Tr-no_0394.jpg,train,notumor,no_tumor,5,True,False
9d338079dd3288665657816ebeec6ada298761e0ff9f4c22a59f05c46768db14,dataset/train/notumor/Tr-no_0978.jpg,train,notumor,no_tumor,5,True,False
a1ee82164acd190067400d50f236fbb6004c0002fe3c09e4cf2d71752865140b,dataset/train/pituitary/Tr-pi_0226.jpg,train,pituitary,pituitary,2,False,False
a1ee82164acd190067400d50f236fbb6004c0002fe3c09e4cf2d71752865140b,dataset/train/pituitary/Tr-pi_0227.jpg,train,pituitary,pituitary,2,False,False
a3162569f0104e89e3950050d1d2f605cfe6bcf7c646f4bd596cb709d8b372c8,dataset/test/notumor/Te-no_0060.jpg,test,notumor,no_tumor,2,True,False
a3162569f0104e89e3950050d1d2f605cfe6bcf7c646f4bd596cb709d8b372c8,dataset/train/notumor/Tr-no_0967.jpg,train,notumor,no_tumor,2,True,False
a3d86920c0bc02e0c062091ab21078a4387ed519b881c89568ab969d3dc37d33,dataset/train/notumor/Tr-no_0169.jpg,train,notumor,no_tumor,2,False,False
a3d86920c0bc02e0c062091ab21078a4387ed519b881c89568ab969d3dc37d33,dataset/train/notumor/Tr-no_1123.jpg,train,notumor,no_tumor,2,False,False
a8155f8b8f640f8464b58a380026d01471800d15e76cbfd9678848d669c7e3a7,dataset/test/notumor/Te-no_0063.jpg,test,notumor,no_tumor,3,True,False
a8155f8b8f640f8464b58a380026d01471800d15e76cbfd9678848d669c7e3a7,dataset/train/notumor/Tr-no_0326.jpg,train,notumor,no_tumor,3,True,False
a8155f8b8f640f8464b58a380026d01471800d15e76cbfd9678848d669c7e3a7,dataset/train/notumor/Tr-no_1174.jpg,train,notumor,no_tumor,3,True,False
a820973ab9e444f92fdc4e5eb2e584a72d5da660675f1793469f229f40199538,dataset/train/notumor/Tr-no_0152.jpg,train,notumor,no_tumor,2,False,False
a820973ab9e444f92fdc4e5eb2e584a72d5da660675f1793469f229f40199538,dataset/train/notumor/Tr-no_1107.jpg,train,notumor,no_tumor,2,False,False
a8bf58f1fee6cc15adfbbbbe78513606502269b917a52dfe0991621ad5ba401c,dataset/train/notumor/Tr-no_0218.jpg,train,notumor,no_tumor,2,False,False
a8bf58f1fee6cc15adfbbbbe78513606502269b917a52dfe0991621ad5ba401c,dataset/train/notumor/Tr-no_1071.jpg,train,notumor,no_tumor,2,False,False
a8d8bd68e37588a5be079ea92de410d9097988aea40552f6fd08ca44a7dd6c74,dataset/test/notumor/Te-no_0083.jpg,test,notumor,no_tumor,4,True,False
a8d8bd68e37588a5be079ea92de410d9097988aea40552f6fd08ca44a7dd6c74,dataset/test/notumor/Te-no_0093.jpg,test,notumor,no_tumor,4,True,False
a8d8bd68e37588a5be079ea92de410d9097988aea40552f6fd08ca44a7dd6c74,dataset/train/notumor/Tr-no_0346.jpg,train,notumor,no_tumor,4,True,False
a8d8bd68e37588a5be079ea92de410d9097988aea40552f6fd08ca44a7dd6c74,dataset/train/notumor/Tr-no_1103.jpg,train,notumor,no_tumor,4,True,False
aa66d8e967787f1f68a537f5300e72131b53cc4706620d41e67f74b1eb53d931,dataset/train/notumor/Tr-no_0241.jpg,train,notumor,no_tumor,2,False,False
aa66d8e967787f1f68a537f5300e72131b53cc4706620d41e67f74b1eb53d931,dataset/train/notumor/Tr-no_1137.jpg,train,notumor,no_tumor,2,False,False
ac76ca3b933520e9519c3fa096e38e281e467ae4bda0412daa34cb966954ff68,dataset/train/notumor/Tr-no_0142.jpg,train,notumor,no_tumor,3,False,False
ac76ca3b933520e9519c3fa096e38e281e467ae4bda0412daa34cb966954ff68,dataset/train/notumor/Tr-no_0143.jpg,train,notumor,no_tumor,3,False,False
ac76ca3b933520e9519c3fa096e38e281e467ae4bda0412daa34cb966954ff68,dataset/train/notumor/Tr-no_0149.jpg,train,notumor,no_tumor,3,False,False
ad26946bf8b6ba5be922f24ab271337964fc35675fa4d0398719e33665337ece,dataset/test/notumor/Te-no_0096.jpg,test,notumor,no_tumor,2,True,False
ad26946bf8b6ba5be922f24ab271337964fc35675fa4d0398719e33665337ece,dataset/train/notumor/Tr-no_0359.jpg,train,notumor,no_tumor,2,True,False
ae511b11b26309a2e60432852cb26d6b019057fc2aab35867badf8af04daa3b6,dataset/train/notumor/Tr-no_0039.jpg,train,notumor,no_tumor,2,False,False
ae511b11b26309a2e60432852cb26d6b019057fc2aab35867badf8af04daa3b6,dataset/train/notumor/Tr-no_1082.jpg,train,notumor,no_tumor,2,False,False
affc1b4d529e3c1f06052e6fe5d27ef659071f0c1b14b4197c6d2c4f30ae93bb,dataset/test/notumor/Te-no_0103.jpg,test,notumor,no_tumor,3,True,False
affc1b4d529e3c1f06052e6fe5d27ef659071f0c1b14b4197c6d2c4f30ae93bb,dataset/train/notumor/Tr-no_0319.jpg,train,notumor,no_tumor,3,True,False
affc1b4d529e3c1f06052e6fe5d27ef659071f0c1b14b4197c6d2c4f30ae93bb,dataset/train/notumor/Tr-no_1171.jpg,train,notumor,no_tumor,3,True,False
b19b70050792743117c0ca8237e721b433a3d76b7cd1ae7e2bfaa50f73985957,dataset/train/notumor/Tr-no_0248.jpg,train,notumor,no_tumor,2,False,False
b19b70050792743117c0ca8237e721b433a3d76b7cd1ae7e2bfaa50f73985957,dataset/train/notumor/Tr-no_1144.jpg,train,notumor,no_tumor,2,False,False
b23fe6dad4ff5e7e0fe80d1d315399658298647951c5f5e148e8c0d6ff6e3b5e,dataset/test/notumor/Te-no_0099.jpg,test,notumor,no_tumor,2,True,False
b23fe6dad4ff5e7e0fe80d1d315399658298647951c5f5e148e8c0d6ff6e3b5e,dataset/train/notumor/Tr-no_0363.jpg,train,notumor,no_tumor,2,True,False
b396caa83da170f384de32368fd40ab0fbb00232e12fd2b463eddff69741af44,dataset/train/notumor/Tr-no_0037.jpg,train,notumor,no_tumor,2,False,False
b396caa83da170f384de32368fd40ab0fbb00232e12fd2b463eddff69741af44,dataset/train/notumor/Tr-no_1081.jpg,train,notumor,no_tumor,2,False,False
b577189346bc4cc74942150e5875bead25153aa474db97d1882ebf72244de3ec,dataset/test/notumor/Te-no_0098.jpg,test,notumor,no_tumor,2,True,False
b577189346bc4cc74942150e5875bead25153aa474db97d1882ebf72244de3ec,dataset/train/notumor/Tr-no_0361.jpg,train,notumor,no_tumor,2,True,False
b5e17076d1427e41a618f92bc72100c1be4df26608223512aac51c911ac1eb88,dataset/test/pituitary/Te-pi_0055.jpg,test,pituitary,pituitary,2,True,False
b5e17076d1427e41a618f92bc72100c1be4df26608223512aac51c911ac1eb88,dataset/train/pituitary/Tr-pi_0701.jpg,train,pituitary,pituitary,2,True,False
b7217d07fe4b60f472aaeee4b36e8429d4a1685bbb9fd13c1d471835326e801d,dataset/train/notumor/Tr-no_0227.jpg,train,notumor,no_tumor,2,False,False
b7217d07fe4b60f472aaeee4b36e8429d4a1685bbb9fd13c1d471835326e801d,dataset/train/notumor/Tr-no_1128.jpg,train,notumor,no_tumor,2,False,False
b7c27d5f1a82137601cc7630779fe2aa120bd9cfd9ddf3a2607c86255de7c9f0,dataset/train/notumor/Tr-no_0153.jpg,train,notumor,no_tumor,2,False,False
b7c27d5f1a82137601cc7630779fe2aa120bd9cfd9ddf3a2607c86255de7c9f0,dataset/train/notumor/Tr-no_1108.jpg,train,notumor,no_tumor,2,False,False
bd5b12c433485230720aa33032e1f6bd089702090481d7e56dccfa43435d6950,dataset/train/notumor/Tr-no_0171.jpg,train,notumor,no_tumor,2,False,False
bd5b12c433485230720aa33032e1f6bd089702090481d7e56dccfa43435d6950,dataset/train/notumor/Tr-no_1129.jpg,train,notumor,no_tumor,2,False,False
bf590df79c3f0a0ee28f4c1238720e89f40e4437c827273e3a168708f6fe8476,dataset/test/notumor/Te-no_0097.jpg,test,notumor,no_tumor,2,True,False
bf590df79c3f0a0ee28f4c1238720e89f40e4437c827273e3a168708f6fe8476,dataset/train/notumor/Tr-no_0360.jpg,train,notumor,no_tumor,2,True,False
c1bf41ddb56396fd0e74b2eb7212c96a6a915ee86737c060c9db8e1439ff0390,dataset/train/notumor/Tr-no_0011.jpg,train,notumor,no_tumor,3,False,False
c1bf41ddb56396fd0e74b2eb7212c96a6a915ee86737c060c9db8e1439ff0390,dataset/train/notumor/Tr-no_0012.jpg,train,notumor,no_tumor,3,False,False
c1bf41ddb56396fd0e74b2eb7212c96a6a915ee86737c060c9db8e1439ff0390,dataset/train/notumor/Tr-no_0024.jpg,train,notumor,no_tumor,3,False,False
c27c953b150b8cfa6c2820bac42a13a5d1b5b6420409973ba07a18542429afd5,dataset/train/pituitary/Tr-pi_0046.jpg,train,pituitary,pituitary,2,False,False
c27c953b150b8cfa6c2820bac42a13a5d1b5b6420409973ba07a18542429afd5,dataset/train/pituitary/Tr-pi_0157.jpg,train,pituitary,pituitary,2,False,False
c3f2d52e1a996bea716774c0051492202d3bdf76fdb53f9ade2b5c6289a6cb36,dataset/test/notumor/Te-no_0047.jpg,test,notumor,no_tumor,5,True,False
c3f2d52e1a996bea716774c0051492202d3bdf76fdb53f9ade2b5c6289a6cb36,dataset/test/notumor/Te-no_0077.jpg,test,notumor,no_tumor,5,True,False
c3f2d52e1a996bea716774c0051492202d3bdf76fdb53f9ade2b5c6289a6cb36,dataset/train/notumor/Tr-no_0213.jpg,train,notumor,no_tumor,5,True,False
c3f2d52e1a996bea716774c0051492202d3bdf76fdb53f9ade2b5c6289a6cb36,dataset/train/notumor/Tr-no_0341.jpg,train,notumor,no_tumor,5,True,False
c3f2d52e1a996bea716774c0051492202d3bdf76fdb53f9ade2b5c6289a6cb36,dataset/train/notumor/Tr-no_1181.jpg,train,notumor,no_tumor,5,True,False
c4c847d6e586faffcadf669ff0a9a608542741edc3a387040c059df1bb7052bb,dataset/test/notumor/Te-no_0056.jpg,test,notumor,no_tumor,2,True,False
c4c847d6e586faffcadf669ff0a9a608542741edc3a387040c059df1bb7052bb,dataset/train/notumor/Tr-no_0302.jpg,train,notumor,no_tumor,2,True,False
c50e621a36b08a9c2f28e239dc00b27ce321bd8ed715a48ced97515e965473d2,dataset/test/notumor/Te-no_0100.jpg,test,notumor,no_tumor,3,True,False
c50e621a36b08a9c2f28e239dc00b27ce321bd8ed715a48ced97515e965473d2,dataset/train/notumor/Tr-no_0364.jpg,train,notumor,no_tumor,3,True,False
c50e621a36b08a9c2f28e239dc00b27ce321bd8ed715a48ced97515e965473d2,dataset/train/notumor/Tr-no_0979.jpg,train,notumor,no_tumor,3,True,False
c515996f4519dbd88019480d9e6442c71bc2513a7e2cb35a776b56af27b1021a,dataset/test/notumor/Te-no_0102.jpg,test,notumor,no_tumor,2,True,False
c515996f4519dbd88019480d9e6442c71bc2513a7e2cb35a776b56af27b1021a,dataset/train/notumor/Tr-no_0251.jpg,train,notumor,no_tumor,2,True,False
c5482c04ad0af03abc08de261901fdaa6811a99ca11a270e8dc89c550e3ccdfa,dataset/train/notumor/Tr-no_0023.jpg,train,notumor,no_tumor,2,False,False
c5482c04ad0af03abc08de261901fdaa6811a99ca11a270e8dc89c550e3ccdfa,dataset/train/notumor/Tr-no_1066.jpg,train,notumor,no_tumor,2,False,False
c6b37dbcc8c59a18f68c4ecde7f081eb0caa8cae6edb6d438e11170f0736bf01,dataset/test/notumor/Te-no_0023.jpg,test,notumor,no_tumor,3,True,False
c6b37dbcc8c59a18f68c4ecde7f081eb0caa8cae6edb6d438e11170f0736bf01,dataset/train/notumor/Tr-no_0179.jpg,train,notumor,no_tumor,3,True,False
c6b37dbcc8c59a18f68c4ecde7f081eb0caa8cae6edb6d438e11170f0736bf01,dataset/train/notumor/Tr-no_1141.jpg,train,notumor,no_tumor,3,True,False
c6d35e130bc719af5e19824979ce640e835635fc495a7383435df8b9aa16b023,dataset/test/notumor/Te-no_0076.jpg,test,notumor,no_tumor,3,True,False
c6d35e130bc719af5e19824979ce640e835635fc495a7383435df8b9aa16b023,dataset/train/notumor/Tr-no_0339.jpg,train,notumor,no_tumor,3,True,False
c6d35e130bc719af5e19824979ce640e835635fc495a7383435df8b9aa16b023,dataset/train/notumor/Tr-no_0981.jpg,train,notumor,no_tumor,3,True,False
ca0417b4c4dc6ac92ebdeeb71231b1a60a16299d04b7735c1bf725aa0649d8c2,dataset/train/notumor/Tr-no_0174.jpg,train,notumor,no_tumor,2,False,False
ca0417b4c4dc6ac92ebdeeb71231b1a60a16299d04b7735c1bf725aa0649d8c2,dataset/train/notumor/Tr-no_0189.jpg,train,notumor,no_tumor,2,False,False
ca5a51914cad005d72af57fa6c9142fc9d650ca06ba23f3e839991c3fa4c8b36,dataset/train/notumor/Tr-no_0238.jpg,train,notumor,no_tumor,3,False,False
ca5a51914cad005d72af57fa6c9142fc9d650ca06ba23f3e839991c3fa4c8b36,dataset/train/notumor/Tr-no_0267.jpg,train,notumor,no_tumor,3,False,False
ca5a51914cad005d72af57fa6c9142fc9d650ca06ba23f3e839991c3fa4c8b36,dataset/train/notumor/Tr-no_1146.jpg,train,notumor,no_tumor,3,False,False
cae1e3ac8a29d55a9f7c0638c1d26be1d91a18c26715459dfcfa56a26317c11b,dataset/test/notumor/Te-no_0085.jpg,test,notumor,no_tumor,2,True,False
cae1e3ac8a29d55a9f7c0638c1d26be1d91a18c26715459dfcfa56a26317c11b,dataset/train/notumor/Tr-no_0348.jpg,train,notumor,no_tumor,2,True,False
cc336bb30a64c66a0897e048331ca9818b553b8d0c313ed4980971c5b8ea1b46,dataset/train/notumor/Tr-no_0193.jpg,train,notumor,no_tumor,2,False,False
cc336bb30a64c66a0897e048331ca9818b553b8d0c313ed4980971c5b8ea1b46,dataset/train/notumor/Tr-no_0219.jpg,train,notumor,no_tumor,2,False,False
ce8380b51fcf1dbb1347069191fbeabf20712e1b0673efc65c08c87c70b1a1af,dataset/train/notumor/Tr-no_0205.jpg,train,notumor,no_tumor,2,False,False
ce8380b51fcf1dbb1347069191fbeabf20712e1b0673efc65c08c87c70b1a1af,dataset/train/notumor/Tr-no_1027.jpg,train,notumor,no_tumor,2,False,False
d07ac7d4c62a45c3ca88e4b57cf485acd22b5d5f5e519110f769eb0cd9169d47,dataset/test/notumor/Te-no_0012.jpg,test,notumor,no_tumor,8,True,False
d07ac7d4c62a45c3ca88e4b57cf485acd22b5d5f5e519110f769eb0cd9169d47,dataset/test/notumor/Te-no_0044.jpg,test,notumor,no_tumor,8,True,False
d07ac7d4c62a45c3ca88e4b57cf485acd22b5d5f5e519110f769eb0cd9169d47,dataset/test/notumor/Te-no_0055.jpg,test,notumor,no_tumor,8,True,False
d07ac7d4c62a45c3ca88e4b57cf485acd22b5d5f5e519110f769eb0cd9169d47,dataset/test/notumor/Te-no_0061.jpg,test,notumor,no_tumor,8,True,False
d07ac7d4c62a45c3ca88e4b57cf485acd22b5d5f5e519110f769eb0cd9169d47,dataset/train/notumor/Tr-no_0180.jpg,train,notumor,no_tumor,8,True,False
d07ac7d4c62a45c3ca88e4b57cf485acd22b5d5f5e519110f769eb0cd9169d47,dataset/train/notumor/Tr-no_0291.jpg,train,notumor,no_tumor,8,True,False
d07ac7d4c62a45c3ca88e4b57cf485acd22b5d5f5e519110f769eb0cd9169d47,dataset/train/notumor/Tr-no_0324.jpg,train,notumor,no_tumor,8,True,False
d07ac7d4c62a45c3ca88e4b57cf485acd22b5d5f5e519110f769eb0cd9169d47,dataset/train/notumor/Tr-no_0984.jpg,train,notumor,no_tumor,8,True,False
d08b052913eb262dfd31fdd6d7ca904c5343087cdc458ca928c9e85bf41bf388,dataset/test/notumor/Te-no_0089.jpg,test,notumor,no_tumor,3,True,False
d08b052913eb262dfd31fdd6d7ca904c5343087cdc458ca928c9e85bf41bf388,dataset/train/notumor/Tr-no_0353.jpg,train,notumor,no_tumor,3,True,False
d08b052913eb262dfd31fdd6d7ca904c5343087cdc458ca928c9e85bf41bf388,dataset/train/notumor/Tr-no_0969.jpg,train,notumor,no_tumor,3,True,False
d22f76ae6780bc947ddeb36446b3bb97bfcc5ada33b8db69753949c9d214111a,dataset/train/notumor/Tr-no_0026.jpg,train,notumor,no_tumor,2,False,False
d22f76ae6780bc947ddeb36446b3bb97bfcc5ada33b8db69753949c9d214111a,dataset/train/notumor/Tr-no_1068.jpg,train,notumor,no_tumor,2,False,False
d56567916b5975d9f260f61a4cad99040696bd105293112af3d703c4bec42feb,dataset/train/notumor/Tr-no_0112.jpg,train,notumor,no_tumor,2,False,False
d56567916b5975d9f260f61a4cad99040696bd105293112af3d703c4bec42feb,dataset/train/notumor/Tr-no_1092.jpg,train,notumor,no_tumor,2,False,False
d62ef020a79e42be55f4a6977457753c11364c69c1a842aab749f45b910a348f,dataset/train/notumor/Tr-no_0283.jpg,train,notumor,no_tumor,2,False,False
d62ef020a79e42be55f4a6977457753c11364c69c1a842aab749f45b910a348f,dataset/train/notumor/Tr-no_1158.jpg,train,notumor,no_tumor,2,False,False
d8ea17fdb98908199591b41310c56ae6a2b90408287403a45333653e079944b1,dataset/test/notumor/Te-noTr_0005.jpg,test,notumor,no_tumor,2,True,False
d8ea17fdb98908199591b41310c56ae6a2b90408287403a45333653e079944b1,dataset/train/notumor/Tr-no_0258.jpg,train,notumor,no_tumor,2,True,False
d9f0d5ef8784abb3ac7cadb3e31a9b1ef4879de8edb20a637d66c49f6c8eb60f,dataset/test/notumor/Te-no_0094.jpg,test,notumor,no_tumor,2,True,False
d9f0d5ef8784abb3ac7cadb3e31a9b1ef4879de8edb20a637d66c49f6c8eb60f,dataset/train/notumor/Tr-no_0357.jpg,train,notumor,no_tumor,2,True,False
da9ef6cef60bdcf63e1cb2c07ebe5bfb5a1c08c74dadf280915d55d7c3e36d9a,dataset/train/notumor/Tr-no_0308.jpg,train,notumor,no_tumor,2,False,False
da9ef6cef60bdcf63e1cb2c07ebe5bfb5a1c08c74dadf280915d55d7c3e36d9a,dataset/train/notumor/Tr-no_1164.jpg,train,notumor,no_tumor,2,False,False
db13da94073aaa03960e97acb4ab41019e4be57c88c8b708e66791696f4bc4b9,dataset/train/notumor/Tr-no_0160.jpg,train,notumor,no_tumor,2,False,False
db13da94073aaa03960e97acb4ab41019e4be57c88c8b708e66791696f4bc4b9,dataset/train/notumor/Tr-no_1115.jpg,train,notumor,no_tumor,2,False,False
dc811fda9f7bc3506f21d4094da84c5e3a81d3878b28967b830536fda342a33e,dataset/train/notumor/Tr-no_0013.jpg,train,notumor,no_tumor,3,False,False
dc811fda9f7bc3506f21d4094da84c5e3a81d3878b28967b830536fda342a33e,dataset/train/notumor/Tr-no_0014.jpg,train,notumor,no_tumor,3,False,False
dc811fda9f7bc3506f21d4094da84c5e3a81d3878b28967b830536fda342a33e,dataset/train/notumor/Tr-no_1055.jpg,train,notumor,no_tumor,3,False,False
de08225737a2a8a8ddda2e0684baa925356b9c0fe77585f2992a0980398c2d07,dataset/train/notumor/Tr-no_0033.jpg,train,notumor,no_tumor,2,False,False
de08225737a2a8a8ddda2e0684baa925356b9c0fe77585f2992a0980398c2d07,dataset/train/notumor/Tr-no_1077.jpg,train,notumor,no_tumor,2,False,False
dea65808e631f46024aaa034984629ab8a455f2b951ca7022f12fa9e62b7c8ff,dataset/train/pituitary/Tr-pi_0107.jpg,train,pituitary,pituitary,2,False,False
dea65808e631f46024aaa034984629ab8a455f2b951ca7022f12fa9e62b7c8ff,dataset/train/pituitary/Tr-pi_0108.jpg,train,pituitary,pituitary,2,False,False
df46c96890474f2ec5f08aa2c32e6bc1c6b5685f8b913501f954a515a6de02fa,dataset/test/notumor/Te-no_0039.jpg,test,notumor,no_tumor,3,True,False
df46c96890474f2ec5f08aa2c32e6bc1c6b5685f8b913501f954a515a6de02fa,dataset/train/notumor/Tr-no_0124.jpg,train,notumor,no_tumor,3,True,False
df46c96890474f2ec5f08aa2c32e6bc1c6b5685f8b913501f954a515a6de02fa,dataset/train/notumor/Tr-no_1094.jpg,train,notumor,no_tumor,3,True,False
dfbba0fc3e25b2cc10d6fde8faf975c6f475baa770ede5ea3fd1e495995736ef,dataset/test/notumor/Te-no_0051.jpg,test,notumor,no_tumor,3,True,False
dfbba0fc3e25b2cc10d6fde8faf975c6f475baa770ede5ea3fd1e495995736ef,dataset/train/notumor/Tr-no_0246.jpg,train,notumor,no_tumor,3,True,False
dfbba0fc3e25b2cc10d6fde8faf975c6f475baa770ede5ea3fd1e495995736ef,dataset/train/notumor/Tr-no_1182.jpg,train,notumor,no_tumor,3,True,False
e22f980ae6f8f79a1fd96c0e2711d06767493d2d7c19d885fd89f6207702c3f3,dataset/train/notumor/Tr-no_0035.jpg,train,notumor,no_tumor,2,False,False
e22f980ae6f8f79a1fd96c0e2711d06767493d2d7c19d885fd89f6207702c3f3,dataset/train/notumor/Tr-no_1079.jpg,train,notumor,no_tumor,2,False,False
e2c7bc9c2d735e5b584b329f5cda1aec1f2415b2972c4aa8efc8d0a61e61b280,dataset/train/meningioma/Tr-me_0249.jpg,train,meningioma,meningioma,2,False,False
e2c7bc9c2d735e5b584b329f5cda1aec1f2415b2972c4aa8efc8d0a61e61b280,dataset/train/meningioma/Tr-me_0251.jpg,train,meningioma,meningioma,2,False,False
e34e448b7509d16d43c6a6505995cdbb7bf6b2ad29ee09a37ec740c8494f74e3,dataset/test/notumor/Te-no_0059.jpg,test,notumor,no_tumor,3,True,False
e34e448b7509d16d43c6a6505995cdbb7bf6b2ad29ee09a37ec740c8494f74e3,dataset/train/notumor/Tr-no_0323.jpg,train,notumor,no_tumor,3,True,False
e34e448b7509d16d43c6a6505995cdbb7bf6b2ad29ee09a37ec740c8494f74e3,dataset/train/notumor/Tr-no_0966.jpg,train,notumor,no_tumor,3,True,False
e3ea07d69e4b3242a2bc56046a2c9547c6e15d8169d3bdad7d4f8f9baf2a2442,dataset/train/notumor/Tr-no_0264.jpg,train,notumor,no_tumor,3,False,False
e3ea07d69e4b3242a2bc56046a2c9547c6e15d8169d3bdad7d4f8f9baf2a2442,dataset/train/notumor/Tr-no_0270.jpg,train,notumor,no_tumor,3,False,False
e3ea07d69e4b3242a2bc56046a2c9547c6e15d8169d3bdad7d4f8f9baf2a2442,dataset/train/notumor/Tr-no_1149.jpg,train,notumor,no_tumor,3,False,False
e834d68ccf89fc7d5f8a93f0718fb614dd3591102ee4ed5c5d851ac43dbd9e1c,dataset/test/notumor/Te-noTr_0004.jpg,test,notumor,no_tumor,2,True,False
e834d68ccf89fc7d5f8a93f0718fb614dd3591102ee4ed5c5d851ac43dbd9e1c,dataset/train/notumor/Tr-no_0255.jpg,train,notumor,no_tumor,2,True,False
e9a63334af63a2ec8cab2149ec091466c60df5fe115cf36cc30c9304dacbb376,dataset/train/notumor/Tr-no_0140.jpg,train,notumor,no_tumor,3,False,False
e9a63334af63a2ec8cab2149ec091466c60df5fe115cf36cc30c9304dacbb376,dataset/train/notumor/Tr-no_0223.jpg,train,notumor,no_tumor,3,False,False
e9a63334af63a2ec8cab2149ec091466c60df5fe115cf36cc30c9304dacbb376,dataset/train/notumor/Tr-no_1101.jpg,train,notumor,no_tumor,3,False,False
ee17905768c01705c6abcc330d664f063c5ceada4e3ea6722be796cc9bc9986f,dataset/train/notumor/Tr-no_0028.jpg,train,notumor,no_tumor,2,False,False
ee17905768c01705c6abcc330d664f063c5ceada4e3ea6722be796cc9bc9986f,dataset/train/notumor/Tr-no_1070.jpg,train,notumor,no_tumor,2,False,False
eed488f2e399ac4a011a52b70eff0a73837f1f2b8ef02297841792ba819420bc,dataset/test/notumor/Te-no_0078.jpg,test,notumor,no_tumor,2,True,False
eed488f2e399ac4a011a52b70eff0a73837f1f2b8ef02297841792ba819420bc,dataset/train/notumor/Tr-no_0342.jpg,train,notumor,no_tumor,2,True,False
ef5addab9afd41d9a24d73711092b35f1610683975b03f80bff9d48d144970ef,dataset/train/notumor/Tr-no_0178.jpg,train,notumor,no_tumor,2,False,False
ef5addab9afd41d9a24d73711092b35f1610683975b03f80bff9d48d144970ef,dataset/train/notumor/Tr-no_1138.jpg,train,notumor,no_tumor,2,False,False
f0f59157eff868aa8dc74d5a6b5d384421c8587b5f15d90ca8414f4650276436,dataset/test/notumor/Te-no_0092.jpg,test,notumor,no_tumor,2,True,False
f0f59157eff868aa8dc74d5a6b5d384421c8587b5f15d90ca8414f4650276436,dataset/train/notumor/Tr-no_0356.jpg,train,notumor,no_tumor,2,True,False
f1aa73c33c56a13b8fe3b256ba2e6e3d2d84ddc6f3ed814d874bc88726ac1f9d,dataset/test/notumor/Te-noTr_0003.jpg,test,notumor,no_tumor,2,True,False
f1aa73c33c56a13b8fe3b256ba2e6e3d2d84ddc6f3ed814d874bc88726ac1f9d,dataset/train/notumor/Tr-no_0320.jpg,train,notumor,no_tumor,2,True,False
f2d9f0979df98ce2e4aab669d3c141ca02ebce9eb15775267bfd6d4eae2a7d7f,dataset/test/notumor/Te-no_0022.jpg,test,notumor,no_tumor,5,True,False
f2d9f0979df98ce2e4aab669d3c141ca02ebce9eb15775267bfd6d4eae2a7d7f,dataset/test/notumor/Te-no_0075.jpg,test,notumor,no_tumor,5,True,False
f2d9f0979df98ce2e4aab669d3c141ca02ebce9eb15775267bfd6d4eae2a7d7f,dataset/train/notumor/Tr-no_0069.jpg,train,notumor,no_tumor,5,True,False
f2d9f0979df98ce2e4aab669d3c141ca02ebce9eb15775267bfd6d4eae2a7d7f,dataset/train/notumor/Tr-no_0338.jpg,train,notumor,no_tumor,5,True,False
f2d9f0979df98ce2e4aab669d3c141ca02ebce9eb15775267bfd6d4eae2a7d7f,dataset/train/notumor/Tr-no_1084.jpg,train,notumor,no_tumor,5,True,False
f3bbcbc551b2533f763091b8d11957d40118b57fe937c3b940f3f8b26098030f,dataset/test/notumor/Te-no_0028.jpg,test,notumor,no_tumor,2,True,False
f3bbcbc551b2533f763091b8d11957d40118b57fe937c3b940f3f8b26098030f,dataset/train/notumor/Tr-no_0351.jpg,train,notumor,no_tumor,2,True,False
f3ce33b26a3784299fc2bc72215752b531bb1ff11e9b65dc39376039f8809f64,dataset/train/notumor/Tr-no_0076.jpg,train,notumor,no_tumor,2,False,False
f3ce33b26a3784299fc2bc72215752b531bb1ff11e9b65dc39376039f8809f64,dataset/train/notumor/Tr-no_0081.jpg,train,notumor,no_tumor,2,False,False
f3d00bbb942117c2fb62466414d3c466ca283b678200fe87424e4128b80b2dba,dataset/test/meningioma/Te-me_0143.jpg,test,meningioma,meningioma,2,True,False
f3d00bbb942117c2fb62466414d3c466ca283b678200fe87424e4128b80b2dba,dataset/train/meningioma/Tr-me_0283.jpg,train,meningioma,meningioma,2,True,False
f55311fb8ccf1b86450233262bd00b176bd1c404e5849b59c0a3cd5e4440626b,dataset/test/meningioma/Te-me_0071.jpg,test,meningioma,meningioma,2,False,False
f55311fb8ccf1b86450233262bd00b176bd1c404e5849b59c0a3cd5e4440626b,dataset/test/meningioma/Te-me_0073.jpg,test,meningioma,meningioma,2,False,False
f90baa21f7026f0f5c8595cb4c58a728618b80c679b18dbb42f4e77420262ac5,dataset/test/notumor/Te-noTr_0008.jpg,test,notumor,no_tumor,2,True,False
f90baa21f7026f0f5c8595cb4c58a728618b80c679b18dbb42f4e77420262ac5,dataset/train/notumor/Tr-no_1090.jpg,train,notumor,no_tumor,2,True,False
f932387c00c74ebaede60e0b5e0d79dbff6b944e066d510f4c95834f05050e3e,dataset/train/notumor/Tr-no_0158.jpg,train,notumor,no_tumor,2,False,False
f932387c00c74ebaede60e0b5e0d79dbff6b944e066d510f4c95834f05050e3e,dataset/train/notumor/Tr-no_1113.jpg,train,notumor,no_tumor,2,False,False
f9ab73351fe5dd8b0cac9d28282c9faff3f83bb3aad1a4fb2769c6e94cb25eb4,dataset/train/notumor/Tr-no_0099.jpg,train,notumor,no_tumor,2,False,False
f9ab73351fe5dd8b0cac9d28282c9faff3f83bb3aad1a4fb2769c6e94cb25eb4,dataset/train/notumor/Tr-no_0181.jpg,train,notumor,no_tumor,2,False,False
fa0c1c4fb6eabf57c61ae1afd2f24efd5aa69d47a6df7d468579cdee91a86c8a,dataset/train/notumor/Tr-no_0020.jpg,train,notumor,no_tumor,2,False,False
fa0c1c4fb6eabf57c61ae1afd2f24efd5aa69d47a6df7d468579cdee91a86c8a,dataset/train/notumor/Tr-no_1064.jpg,train,notumor,no_tumor,2,False,False
fb32f456cca40bf1867369a4abcae84ff15d634bc56637a568d09449114f95ae,dataset/train/notumor/Tr-no_0016.jpg,train,notumor,no_tumor,2,False,False
fb32f456cca40bf1867369a4abcae84ff15d634bc56637a568d09449114f95ae,dataset/train/notumor/Tr-no_1057.jpg,train,notumor,no_tumor,2,False,False
fd701e8cdd7a47b2b7198334e09d7947edf3d2efdd68b73b8d47282256f9f475,dataset/train/notumor/Tr-no_0195.jpg,train,notumor,no_tumor,3,False,False
fd701e8cdd7a47b2b7198334e09d7947edf3d2efdd68b73b8d47282256f9f475,dataset/train/notumor/Tr-no_0229.jpg,train,notumor,no_tumor,3,False,False
fd701e8cdd7a47b2b7198334e09d7947edf3d2efdd68b73b8d47282256f9f475,dataset/train/notumor/Tr-no_1130.jpg,train,notumor,no_tumor,3,False,False
fe20d08e5475898e9b66661cddbe32d6d006438e57c36cd87be27b8dd9c0676d,dataset/train/notumor/Tr-no_0027.jpg,train,notumor,no_tumor,2,False,False
fe20d08e5475898e9b66661cddbe32d6d006438e57c36cd87be27b8dd9c0676d,dataset/train/notumor/Tr-no_1069.jpg,train,notumor,no_tumor,2,False,False
ff1df5849a35548de3ed553bc8c927511045cce13c42a2159c62f546c52230c9,dataset/test/notumor/Te-no_0086.jpg,test,notumor,no_tumor,3,True,False
ff1df5849a35548de3ed553bc8c927511045cce13c42a2159c62f546c52230c9,dataset/train/notumor/Tr-no_0349.jpg,train,notumor,no_tumor,3,True,False
ff1df5849a35548de3ed553bc8c927511045cce13c42a2159c62f546c52230c9,dataset/train/notumor/Tr-no_0964.jpg,train,notumor,no_tumor,3,True,False
