epoch,train_loss,train_dice,val_loss,val_slice_dice,val_subject_dice,val_iou,learning_rate
1,0.502389093967375,0.4948158785091509,0.3939945725807198,0.5939339032928003,0.8239112085996779,0.7191855358165719,0.0001
2,0.33021522217980287,0.5617880799005636,0.34075166322776695,0.567968218510517,0.8594142329515464,0.768818873162743,0.0001
3,0.30470667819138847,0.5892355667078762,0.33425723133875884,0.5503699061801397,0.8768202681780367,0.7940313100861373,0.0001
4,0.30003343523202386,0.594102502244027,0.3334391607535401,0.5208159985310812,0.8799575033123173,0.7979103574293458,0.0001
5,0.29834471157291553,0.6000848315559392,0.33226368966766145,0.5291745341676766,0.8807923970773103,0.7990147579902138,0.0001
6,0.29696419590969625,0.5974932278808913,0.33067586108704666,0.5467580986153439,0.8825690068125747,0.8010020079607919,0.0001
7,0.2958805514192139,0.6069582640952459,0.3312465403635533,0.5110807057764902,0.880820074636535,0.7975724032340898,0.0001
8,0.29504473246679114,0.6054497340755642,0.3310401698069451,0.48716322769722453,0.8657895725433224,0.7760598982023961,0.0001
9,0.2943071094992425,0.6080284604208186,0.33033996014948486,0.5072312764368236,0.884722074469403,0.8037340541902028,0.0001
